0.0,0.0,0.001,6.445321624797531e-82,1.2247786363823245,103.83372862011345,6.445321624797531e-82,1.2247786363823245,103.83372862011345
0.0,0.0,0.001,4.458484118216431e-82,1.2247786363823245,103.12553768181272,4.458484118216431e-82,1.2247786363823245,103.12553768181272
0.0,0.0,0.001,3.7387990661723966e-81,1.2247786363823245,104.12371396451879,3.7387990661723966e-81,1.2247786363823245,104.12371396451879
0.0,0.0,0.001,9.080611050864056e-82,1.2247786363823245,103.90285223591603,9.080611050864056e-82,1.2247786363823245,103.90285223591603
0.0,0.0,0.001,2.9643916551774547e-81,1.2247786363823245,103.92860831505182,2.9643916551774547e-81,1.2247786363823245,103.92860831505182
0.0,0.0,0.001,5.537895139610241e-82,1.2247786363823245,103.61873308823193,5.537895139610241e-82,1.2247786363823245,103.61873308823193
0.0,0.0,0.001,1.1056816749509934e-81,1.2247786363823245,104.0955620910691,1.1056816749509934e-81,1.2247786363823245,104.0955620910691
0.0,0.0,0.001,2.7340924016582253e-81,1.2247786363823245,103.8950562639726,2.7340924016582253e-81,1.2247786363823245,103.8950562639726
0.0,0.0,0.001,1.5730079605109716e-82,1.2247786363823245,102.9098260175326,1.5730079605109716e-82,1.2247786363823245,102.9098260175326
0.0,0.0,0.001,9.041131968110429e-82,1.2247786363823245,103.4487788370366,9.041131968110429e-82,1.2247786363823245,103.4487788370366
0.0,0.0,0.01,4.821023041270456e-9,1.2244364355674258,9.927125722785174,4.821023041270456e-9,1.2244364355674258,9.927125722785174
0.0,0.0,0.01,7.35680220831992e-9,1.224555565723764,10.467408094424195,7.35680220831992e-9,1.224555565723764,10.467408094424195
0.0,0.0,0.01,3.219371760981668e-9,1.2244558838940023,10.000950764084122,3.219371760981668e-9,1.2244558838940023,10.000950764084122
0.0,0.0,0.01,1.7621414404555733e-8,1.2246097527013133,10.819205916087457,1.7621414404555733e-8,1.2246097527013133,10.819205916087457
0.0,0.0,0.01,6.336469015232575e-9,1.2244943634736063,10.16118516331525,6.336469015232575e-9,1.2244943634736063,10.16118516331525
0.0,0.0,0.01,3.2713476287088785e-9,1.224462348057654,10.026481099841144,3.2713476287088785e-9,1.224462348057654,10.026481099841144
0.0,0.0,0.01,4.977941870465e-9,1.2244890021721768,10.137597622153839,4.977941870465e-9,1.2244890021721768,10.137597622153839
0.0,0.0,0.01,4.673323739890762e-9,1.2245830141605727,10.633360749111224,4.673323739890762e-9,1.2245830141605727,10.633360749111224
0.0,0.0,0.01,1.3121090339748274e-9,1.2244124168159476,9.841559694516421,1.3121090339748274e-9,1.2244124168159476,9.841559694516421
0.0,0.0,0.01,3.5137665445693588e-9,1.2245653688045341,10.524200153619734,3.5137665445693588e-9,1.2245653688045341,10.524200153619734
0.0,0.0,0.1,0.1472948856006,0.8154106933489568,1.4302277011824711,0.1472948856006,0.8154106933489568,1.4302277011824711
0.0,0.0,0.1,0.18122856595870102,0.7800101271232038,1.2880447007751497,0.18122856595870102,0.7800101271232038,1.2880447007751497
0.0,0.0,0.1,0.041320869486017674,0.7719597929200266,0.7298782576996699,0.041320869486017674,0.7719597929200266,0.7298782576996699
0.0,0.0,0.1,0.10834509520630198,0.7627347529951691,0.7950951566182295,0.10834509520630198,0.7627347529951691,0.7950951566182295
0.0,0.0,0.1,0.10126387803758961,0.8622546110743805,1.1099842640653275,0.10126387803758961,0.8622546110743805,1.1099842640653275
0.0,0.0,0.1,0.07153285782349955,0.6974337718481253,1.1343172044004572,0.07153285782349955,0.6974337718481253,1.1343172044004572
0.0,0.0,0.1,0.05086350160508161,0.7805101121562426,0.6864415837779256,0.05086350160508161,0.7805101121562426,0.6864415837779256
0.0,0.0,0.1,0.06808029332280967,0.8433039861135989,0.9329819547881804,0.06808029332280967,0.8433039861135989,0.9329819547881804
0.0,0.0,0.1,0.06414844286070959,0.8336012027141569,1.025098932283143,0.06414844286070959,0.8336012027141569,1.025098932283143
0.0,0.0,0.1,0.10477893335237679,0.7385276612956991,0.6894025366077571,0.10477893335237679,0.7385276612956991,0.6894025366077571
0.0,0.0,1.0,0.2852309994404714,0.37164997961127083,0.5137668446745357,0.2852309994404714,0.37164997961127083,0.5137668446745357
0.0,0.0,1.0,0.23763368057763026,0.28748680947845484,0.05948923228170937,0.23763368057763026,0.28748680947845484,0.05948923228170937
0.0,0.0,1.0,0.240602238751533,0.29867328368686336,-0.2991397379536281,0.240602238751533,0.29867328368686336,-0.2991397379536281
0.0,0.0,1.0,0.33119227520660016,0.13316310664330422,0.31307458325884024,0.33119227520660016,0.13316310664330422,0.31307458325884024
0.0,0.0,1.0,0.2737903735191606,0.23804931189541675,0.29002148968471725,0.2737903735191606,0.23804931189541675,0.29002148968471725
0.0,0.0,1.0,0.331508056466424,0.21744282872746507,-0.03013093071396822,0.331508056466424,0.21744282872746507,-0.03013093071396822
0.0,0.0,1.0,0.2375890561517766,0.22357866615324795,0.38065806197659596,0.2375890561517766,0.22357866615324795,0.38065806197659596
0.0,0.0,1.0,0.28647472005612823,0.15757069827417647,0.0023518245434170997,0.28647472005612823,0.15757069827417647,0.0023518245434170997
0.0,0.0,1.0,0.23752053091006112,0.3092147715598417,0.24589125656058836,0.23752053091006112,0.3092147715598417,0.24589125656058836
0.0,0.0,1.0,0.2770484874386494,0.3108180113759392,0.31028825574272345,0.2770484874386494,0.3108180113759392,0.31028825574272345
0.0,0.0,10.0,0.36081599126307445,0.1206905894470617,-0.11159576844989319,0.36081599126307445,0.1206905894470617,-0.11159576844989319
0.0,0.0,10.0,0.32063426401889655,0.17954688179823577,0.17826068306709703,0.32063426401889655,0.17954688179823577,0.17826068306709703
0.0,0.0,10.0,0.3222398237388497,0.135224569267255,0.006246828030644839,0.3222398237388497,0.135224569267255,0.006246828030644839
0.0,0.0,10.0,0.3255845308923662,0.08942414853392146,-0.1328703135994803,0.3255845308923662,0.08942414853392146,-0.1328703135994803
0.0,0.0,10.0,0.2753657496494297,0.17537512636223054,0.09750878696856029,0.2753657496494297,0.17537512636223054,0.09750878696856029
0.0,0.0,10.0,0.3506926506569568,0.12484462676207365,-0.03279001118613639,0.3506926506569568,0.12484462676207365,-0.03279001118613639
0.0,0.0,10.0,0.2986507532162008,0.22038572996297756,-0.11829160362348594,0.2986507532162008,0.22038572996297756,-0.11829160362348594
0.0,0.0,10.0,0.28979176398396234,0.11593195378808721,0.21028178122965288,0.28979176398396234,0.11593195378808721,0.21028178122965288
0.0,0.0,10.0,0.3348455290715756,0.20823817945362505,-0.14303331679802406,0.3348455290715756,0.20823817945362505,-0.14303331679802406
0.0,0.0,10.0,0.28766762326667045,0.16310665765601942,0.1851514271216603,0.28766762326667045,0.16310665765601942,0.1851514271216603
0.0,1.0,0.001,0.0,1.4142135623730951,-1720.6849893669873,0.0,1.4142135623730951,-860.8708649619064
0.0,1.0,0.001,0.0,1.4142135623730951,-1720.6849893669873,0.0,1.4142135623730951,-860.8708649619064
0.0,1.0,0.001,0.0,1.4142135623730951,-1720.6849893669873,0.0,1.4142135623730951,-860.8708649619064
0.0,1.0,0.001,0.0,1.4142135623730951,-1720.6849893669873,0.0,1.4142135623730951,-860.8708649619064
0.0,1.0,0.001,0.0,1.4142135623730951,-1720.6849893669873,0.0,1.4142135623730951,-860.8708649619064
0.0,1.0,0.001,0.0,1.4142135623730951,-1720.6849893669873,0.0,1.4142135623730951,-860.8708649619064
0.0,1.0,0.001,0.0,1.4142135623730951,-1720.6849893669873,0.0,1.4142135623730951,-860.8708649619064
0.0,1.0,0.001,0.0,1.4142135623730951,-1720.6849893669873,0.0,1.4142135623730951,-860.8708649619064
0.0,1.0,0.001,0.0,1.4142135623730951,-1720.6849893669873,0.0,1.4142135623730951,-860.8708649619064
0.0,1.0,0.001,0.0,1.4142135623730951,-1720.6849893669873,0.0,1.4142135623730951,-860.8708649619064
0.0,1.0,0.01,0.0,1.4142135623730951,-1720.6849893669873,0.0,1.4142135623730951,-860.8708649619064
0.0,1.0,0.01,0.0,1.4142135623730951,-1720.6849893669873,0.0,1.4142135623730951,-860.8708649619064
0.0,1.0,0.01,0.0,1.4142135623730951,-1720.6849893669873,0.0,1.4142135623730951,-860.8708649619064
0.0,1.0,0.01,0.0,1.4142135623730951,-1720.6849893669873,0.0,1.4142135623730951,-860.8708649619064
0.0,1.0,0.01,0.0,1.4142135623730951,-1720.6849893669873,0.0,1.4142135623730951,-860.8708649619064
0.0,1.0,0.01,0.0,1.4142135623730951,-1720.6849893669873,0.0,1.4142135623730951,-860.8708649619064
0.0,1.0,0.01,0.0,1.4142135623730951,-1720.6849893669873,0.0,1.4142135623730951,-860.8708649619064
0.0,1.0,0.01,0.0,1.4142135623730951,-1720.6849893669873,0.0,1.4142135623730951,-860.8708649619064
0.0,1.0,0.01,0.0,1.4142135623730951,-1720.6849893669873,0.0,1.4142135623730951,-860.8708649619064
0.0,1.0,0.01,0.0,1.4142135623730951,-1720.6849893669873,0.0,1.4142135623730951,-860.8708649619064
0.0,1.0,0.1,0.0,1.4142135623730951,-1720.6849893669873,0.0,1.4142135623730951,-860.8708649619064
0.0,1.0,0.1,0.0,1.4142135623730951,-1720.6849893669873,0.0,1.4142135623730951,-860.8708649619064
0.0,1.0,0.1,0.0,1.4142135623730951,-1720.6849893669873,0.0,1.4142135623730951,-860.8708649619064
0.0,1.0,0.1,0.0,1.4142135623730951,-1720.6849893669873,0.0,1.4142135623730951,-860.8708649619064
0.0,1.0,0.1,0.0,1.4142135623730951,-1720.6849893669873,0.0,1.4142135623730951,-860.8708649619064
0.0,1.0,0.1,0.0,1.4142135623730951,-1720.6849893669873,0.0,1.4142135623730951,-860.8708649619064
0.0,1.0,0.1,0.0,1.4142135623730951,-1720.6849893669873,0.0,1.4142135623730951,-860.8708649619064
0.0,1.0,0.1,0.0,1.4142135623730951,-1720.6849893669873,0.0,1.4142135623730951,-860.8708649619064
0.0,1.0,0.1,0.0,1.4142135623730951,-1720.6849893669873,0.0,1.4142135623730951,-860.8708649619064
0.0,1.0,0.1,0.0,1.4142135623730951,-1720.6849893669873,0.0,1.4142135623730951,-860.8708649619064
0.0,1.0,1.0,0.0,1.4142135623730951,-1720.6849893669873,0.0,1.4142135623730951,-860.8708649619064
0.0,1.0,1.0,0.0,1.4142135623730951,-1720.6849893669873,0.0,1.4142135623730951,-860.8708649619064
0.0,1.0,1.0,0.0,1.4142135623730951,-1720.6849893669873,0.0,1.4142135623730951,-860.8708649619064
0.0,1.0,1.0,0.0,1.4142135623730951,-1720.6849893669873,0.0,1.4142135623730951,-860.8708649619064
0.0,1.0,1.0,0.0,1.4142135623730951,-1720.6849893669873,0.0,1.4142135623730951,-860.8708649619064
0.0,1.0,1.0,0.0,1.4142135623730951,-1720.6849893669873,0.0,1.4142135623730951,-860.8708649619064
0.0,1.0,1.0,0.0,1.4142135623730951,-1720.6849893669873,0.0,1.4142135623730951,-860.8708649619064
0.0,1.0,1.0,0.0,1.4142135623730951,-1720.6849893669873,0.0,1.4142135623730951,-860.8708649619064
0.0,1.0,1.0,0.0,1.4142135623730951,-1720.6849893669873,0.0,1.4142135623730951,-860.8708649619064
0.0,1.0,1.0,0.0,1.4142135623730951,-1720.6849893669873,0.0,1.4142135623730951,-860.8708649619064
0.0,1.0,10.0,0.0,1.4142135623730951,-1720.6849893669873,0.0,1.4142135623730951,-860.8708649619064
0.0,1.0,10.0,0.0,1.4142135623730951,-1720.6849893669873,0.0,1.4142135623730951,-860.8708649619064
0.0,1.0,10.0,0.0,1.4142135623730951,-1720.6849893669873,0.0,1.4142135623730951,-860.8708649619064
0.0,1.0,10.0,0.0,1.4142135623730951,-1720.6849893669873,0.0,1.4142135623730951,-860.8708649619064
0.0,1.0,10.0,0.0,1.4142135623730951,-1720.6849893669873,0.0,1.4142135623730951,-860.8708649619064
0.0,1.0,10.0,0.0,1.4142135623730951,-1720.6849893669873,0.0,1.4142135623730951,-860.8708649619064
0.0,1.0,10.0,0.0,1.4142135623730951,-1720.6849893669873,0.0,1.4142135623730951,-860.8708649619064
0.0,1.0,10.0,0.0,1.4142135623730951,-1720.6849893669873,0.0,1.4142135623730951,-860.8708649619064
0.0,1.0,10.0,0.0,1.4142135623730951,-1720.6849893669873,0.0,1.4142135623730951,-860.8708649619064
0.0,1.0,10.0,0.0,1.4142135623730951,-1720.6849893669873,0.0,1.4142135623730951,-860.8708649619064
0.0,2.0,0.001,0.6614378277661477,0.0,-0.0,0.6614378277661477,0.0,-0.0
0.0,2.0,0.001,0.6614378277661477,0.0,-0.0,0.6614378277661477,0.0,-0.0
0.0,2.0,0.001,0.6614378277661477,0.0,-0.0,0.6614378277661477,0.0,-0.0
0.0,2.0,0.001,0.6614378277661477,0.0,-0.0,0.6614378277661477,0.0,-0.0
0.0,2.0,0.001,0.6614378277661477,0.0,-0.0,0.6614378277661477,0.0,-0.0
0.0,2.0,0.001,0.6614378277661477,0.0,-0.0,0.6614378277661477,0.0,-0.0
0.0,2.0,0.001,0.6614378277661477,0.0,-0.0,0.6614378277661477,0.0,-0.0
0.0,2.0,0.001,0.6614378277661477,0.0,-0.0,0.6614378277661477,0.0,-0.0
0.0,2.0,0.001,0.6614378277661477,0.0,-0.0,0.6614378277661477,0.0,-0.0
0.0,2.0,0.001,0.6614378277661477,0.0,-0.0,0.6614378277661477,0.0,-0.0
0.0,2.0,0.01,0.6614378277661477,0.0,-0.0,0.6614378277661477,0.0,-0.0
0.0,2.0,0.01,0.6614378277661477,0.0,-0.0,0.6614378277661477,0.0,-0.0
0.0,2.0,0.01,0.6614378277661477,0.0,-0.0,0.6614378277661477,0.0,-0.0
0.0,2.0,0.01,0.6614378277661477,0.0,-0.0,0.6614378277661477,0.0,-0.0
0.0,2.0,0.01,0.6614378277661477,0.0,-0.0,0.6614378277661477,0.0,-0.0
0.0,2.0,0.01,0.6614378277661477,0.0,-0.0,0.6614378277661477,0.0,-0.0
0.0,2.0,0.01,0.6614378277661477,0.0,-0.0,0.6614378277661477,0.0,-0.0
0.0,2.0,0.01,0.6614378277661477,0.0,-0.0,0.6614378277661477,0.0,-0.0
0.0,2.0,0.01,0.6614378277661477,0.0,-0.0,0.6614378277661477,0.0,-0.0
0.0,2.0,0.01,0.6614378277661477,0.0,-0.0,0.6614378277661477,0.0,-0.0
0.0,2.0,0.1,0.6614378277661477,0.0,-0.0,0.6614378277661477,0.0,-0.0
0.0,2.0,0.1,0.6614378277661477,0.0,-0.0,0.6614378277661477,0.0,-0.0
0.0,2.0,0.1,0.6614378277661477,0.0,-0.0,0.6614378277661477,0.0,-0.0
0.0,2.0,0.1,0.6614378277661477,0.0,-0.0,0.6614378277661477,0.0,-0.0
0.0,2.0,0.1,0.6614378277661477,0.0,-0.0,0.6614378277661477,0.0,-0.0
0.0,2.0,0.1,0.6614378277661477,0.0,-0.0,0.6614378277661477,0.0,-0.0
0.0,2.0,0.1,0.6614378277661477,0.0,-0.0,0.6614378277661477,0.0,-0.0
0.0,2.0,0.1,0.6614378277661477,0.0,-0.0,0.6614378277661477,0.0,-0.0
0.0,2.0,0.1,0.6614378277661477,0.0,-0.0,0.6614378277661477,0.0,-0.0
0.0,2.0,0.1,0.6614378277661477,0.0,-0.0,0.6614378277661477,0.0,-0.0
0.0,2.0,1.0,0.6614378277661477,0.0,-0.0,0.6614378277661477,0.0,-0.0
0.0,2.0,1.0,0.6614378277661477,0.0,-0.0,0.6614378277661477,0.0,-0.0
0.0,2.0,1.0,0.6614378277661477,0.0,-0.0,0.6614378277661477,0.0,-0.0
0.0,2.0,1.0,0.6614378277661477,0.0,-0.0,0.6614378277661477,0.0,-0.0
0.0,2.0,1.0,0.6614378277661477,0.0,-0.0,0.6614378277661477,0.0,-0.0
0.0,2.0,1.0,0.6614378277661477,0.0,-0.0,0.6614378277661477,0.0,-0.0
0.0,2.0,1.0,0.6614378277661477,0.0,-0.0,0.6614378277661477,0.0,-0.0
0.0,2.0,1.0,0.6614378277661477,0.0,-0.0,0.6614378277661477,0.0,-0.0
0.0,2.0,1.0,0.6614378277661477,0.0,-0.0,0.6614378277661477,0.0,-0.0
0.0,2.0,1.0,0.6614378277661477,0.0,-0.0,0.6614378277661477,0.0,-0.0
0.0,2.0,10.0,0.6614378277661477,0.0,-0.0,0.6614378277661477,0.0,-0.0
0.0,2.0,10.0,0.6614378277661477,0.0,-0.0,0.6614378277661477,0.0,-0.0
0.0,2.0,10.0,0.6614378277661477,0.0,-0.0,0.6614378277661477,0.0,-0.0
0.0,2.0,10.0,0.6614378277661477,0.0,-0.0,0.6614378277661477,0.0,-0.0
0.0,2.0,10.0,0.6614378277661477,0.0,-0.0,0.6614378277661477,0.0,-0.0
0.0,2.0,10.0,0.6614378277661477,0.0,-0.0,0.6614378277661477,0.0,-0.0
0.0,2.0,10.0,0.6614378277661477,0.0,-0.0,0.6614378277661477,0.0,-0.0
0.0,2.0,10.0,0.6614378277661477,0.0,-0.0,0.6614378277661477,0.0,-0.0
0.0,2.0,10.0,0.6614378277661477,0.0,-0.0,0.6614378277661477,0.0,-0.0
0.0,2.0,10.0,0.6614378277661477,0.0,-0.0,0.6614378277661477,0.0,-0.0
1.0,0.0,0.001,0.42428968826604646,0.24654879300843197,0.24162501531673106,0.42428968826604646,0.24654879300843197,0.24162501531673106
1.0,0.0,0.001,0.42428968826604646,0.24654879300843197,0.24162501531673106,0.42428968826604646,0.24654879300843197,0.24162501531673106
1.0,0.0,0.001,0.42428968826604646,0.24654879300843197,0.24162501531673106,0.42428968826604646,0.24654879300843197,0.24162501531673106
1.0,0.0,0.001,0.42428968826604646,0.24654879300843197,0.24162501531673106,0.42428968826604646,0.24654879300843197,0.24162501531673106
1.0,0.0,0.001,0.42428968826604646,0.24654879300843197,0.24162501531673106,0.42428968826604646,0.24654879300843197,0.24162501531673106
1.0,0.0,0.001,0.42428968826604646,0.24654879300843197,0.24162501531673106,0.42428968826604646,0.24654879300843197,0.24162501531673106
1.0,0.0,0.001,0.42428968826604646,0.24654879300843197,0.24162501531673106,0.42428968826604646,0.24654879300843197,0.24162501531673106
1.0,0.0,0.001,0.42428968826604646,0.24654879300843197,0.24162501531673106,0.42428968826604646,0.24654879300843197,0.24162501531673106
1.0,0.0,0.001,0.42428968826604646,0.24654879300843197,0.24162501531673106,0.42428968826604646,0.24654879300843197,0.24162501531673106
1.0,0.0,0.001,0.42428968826604646,0.24654879300843197,0.24162501531673106,0.42428968826604646,0.24654879300843197,0.24162501531673106
1.0,0.0,0.01,0.4242802950054106,0.24654233297380132,0.2415804252173984,0.42430585479601285,0.24655576500260826,0.24169192893398686
1.0,0.0,0.01,0.42420987532224685,0.2465061235749305,0.24127549205535545,0.4243176940697775,0.24655367912337164,0.24172417961726286
1.0,0.0,0.01,0.4242846879835077,0.24654415731313603,0.2415984358939009,0.4243090023542494,0.24655781508642416,0.24170660480014766
1.0,0.0,0.01,0.4243125834389245,0.2465615028290724,0.2417265506579994,0.42427753289673775,0.2465453050572911,0.24157894586088796
1.0,0.0,0.01,0.42422316292307866,0.24651422810063983,0.24133599767876643,0.42430404658624593,0.24654842696821552,0.24166906209098526
1.0,0.0,0.01,0.42429058748972626,0.24654308903671981,0.24161438604367158,0.42434436790173086,0.2465760333791946,0.2418601554062041
1.0,0.0,0.01,0.4243832118515212,0.24660305207099506,0.24204592716796164,0.4242184898471664,0.24652374347422149,0.24134474977101777
1.0,0.0,0.01,0.42428875914629627,0.24655109149721113,0.24162764397487427,0.4242647380070718,0.24653632679625695,0.2415177460423237
1.0,0.0,0.01,0.42430476576230397,0.24655881345352007,0.24169582976257026,0.4242667282606953,0.24653908531754481,0.24153052214441809
1.0,0.0,0.01,0.424288523972729,0.24654702419729208,0.24161718490819634,0.4243003856333389,0.24655396880539812,0.24167062597083178
1.0,0.0,0.1,0.3523121997017959,0.15276294244348665,0.0652260884633728,0.3766205776153096,0.14742348256297672,0.08796363275182957
1.0,0.0,0.1,0.38827403991889325,0.18266922896893145,0.06377221554182808,0.3594242139646732,0.15459004826357936,0.07887410268834052
1.0,0.0,0.1,0.3697288012051743,0.20646681633305444,0.08701681212010716,0.3848455049687203,0.17623331388095065,0.16691000245530024
1.0,0.0,0.1,0.35961365965356723,0.17192345257929742,0.07958388485079672,0.3814918257803247,0.18234710413674535,0.06968567896864021
1.0,0.0,0.1,0.4325280756636767,0.21861471840730687,0.24124113027002422,0.3784452534841891,0.21657503322277954,0.10598765175878087
1.0,0.0,0.1,0.3648123302920231,0.10121173767842645,0.062309687827790804,0.3158596272990579,0.056308604549332064,0.07497628345641431
1.0,0.0,0.1,0.3784242361970393,0.22766327382472842,0.10142586925299778,0.39816904072612624,0.20065469542151448,0.15904976957268602
1.0,0.0,0.1,0.4372838180643834,0.23641086177445383,0.2498920497996858,0.4285005457166211,0.23306500212503858,0.19205835254385042
1.0,0.0,0.1,0.3897167942127703,0.19568029064557277,0.14792917735935865,0.41295690521494693,0.20684009032750428,0.2682010585396165
1.0,0.0,0.1,0.39860929611127455,0.2103594101090953,0.1605571777226334,0.42053490596138304,0.22367114322163303,0.280476077181735
1.0,0.0,1.0,0.3731105022474165,0.22760662893606642,-0.1796999981683581,0.39439281012906546,0.11555396029294714,-0.12242855178436338
1.0,0.0,1.0,0.29723042814686834,0.19668358984465406,0.17092161730329458,0.3808141734468062,0.18900151388397796,0.08220816949424871
1.0,0.0,1.0,0.3473340349503,0.12897625882035973,0.15355199768662814,0.32651328563863585,0.21736092407856752,0.16206118244014112
1.0,0.0,1.0,0.3107826432500165,0.09832335620234146,0.15324816292056814,0.3636207121979409,0.12840780772774413,0.016213513120178095
1.0,0.0,1.0,0.33712109283960745,0.10616477543321633,0.0997720420402232,0.39087355491654097,0.1428296320829945,-0.0038609711090341666
1.0,0.0,1.0,0.32875180287901606,0.15098033720575038,0.16526736541069975,0.3873280492616283,0.1562139891734515,0.10944445705716596
1.0,0.0,1.0,0.305137266205325,0.2775920867862506,0.49207139438347564,0.4044015086976527,0.13498810827036123,0.026828935770261735
1.0,0.0,1.0,0.34841530409370364,0.11787943842875852,0.07951803999664721,0.2893740516550527,0.1711107329065664,0.15180972905043585
1.0,0.0,1.0,0.33552916112698705,0.11981799692008491,0.10294657192064584,0.35840359159856006,0.1302952842393927,0.28376043611961554
1.0,0.0,1.0,0.32720346851318965,0.1994793560045996,0.32364896905723656,0.3301865368754688,0.13857748557205746,0.16059129027321808
1.0,0.0,10.0,0.31099035703954164,0.1254483832590592,0.05896929867326623,0.3260476223638127,0.12405345932714808,-0.20385468253896855
1.0,0.0,10.0,0.3682858704372374,0.24099416262127024,-0.00744914539995411,0.34839054658345564,0.10714410627892612,0.01264812726506326
1.0,0.0,10.0,0.41490825576511986,0.13105020293846198,-0.06387648800693106,0.39746058773468224,0.13511720179398273,0.12314920450668881
1.0,0.0,10.0,0.2948596763748517,0.1842655184005828,0.3499836591112597,0.26268776955431405,0.1721748376014168,-0.059214522647909704
1.0,0.0,10.0,0.27325879017451116,0.1573424804053458,-0.1041907491875869,0.3175022600645954,0.21346264514703606,0.014383056452145703
1.0,0.0,10.0,0.31213557813697795,0.13434823900375223,-0.3076875189203512,0.337044264592258,0.08747269550643454,-0.1311910013458987
1.0,0.0,10.0,0.26390640320536424,0.30215556004273664,-0.2885637526747479,0.3147276603838764,0.12084216770444164,-0.258389472789341
1.0,0.0,10.0,0.31186184903861763,0.2868588419928683,-0.27529219928291965,0.3484071050501787,0.07318250961501481,-0.04495627128822951
1.0,0.0,10.0,0.35643691640612063,0.18542549087926954,0.17106166674631315,0.34326554088615696,0.16816087960479387,0.16184446229732685
1.0,0.0,10.0,0.30491702594152315,0.16864933115630776,-0.0885464364397922,0.3564393487220942,0.17167820776371345,-0.16162304258878843
1.0,1.0,0.001,0.0,1.4142135623730951,-1720.6849893669873,0.0,1.4142135623730951,-860.5836056129511
1.0,1.0,0.001,0.0,1.4142135623730951,-1720.6849893669873,0.0,1.4142135623730951,-860.5836056129511
1.0,1.0,0.001,0.0,1.4142135623730951,-1720.6849893669873,0.0,1.4142135623730951,-860.5836056129511
1.0,1.0,0.001,0.0,1.4142135623730951,-1720.6849893669873,0.0,1.4142135623730951,-860.5836056129511
1.0,1.0,0.001,0.0,1.4142135623730951,-1720.6849893669873,0.0,1.4142135623730951,-860.5836056129511
1.0,1.0,0.001,0.0,1.4142135623730951,-1720.6849893669873,0.0,1.4142135623730951,-860.5836056129511
1.0,1.0,0.001,0.0,1.4142135623730951,-1720.6849893669873,0.0,1.4142135623730951,-860.5836056129511
1.0,1.0,0.001,0.0,1.4142135623730951,-1720.6849893669873,0.0,1.4142135623730951,-860.5836056129511
1.0,1.0,0.001,0.0,1.4142135623730951,-1720.6849893669873,0.0,1.4142135623730951,-860.5836056129511
1.0,1.0,0.001,0.0,1.4142135623730951,-1720.6849893669873,0.0,1.4142135623730951,-860.5836056129511
1.0,1.0,0.01,0.0,1.4142135623730951,-1720.6849893669873,0.0,1.4142135623730951,-860.5836056129511
1.0,1.0,0.01,0.0,1.4142135623730951,-1720.6849893669873,0.0,1.4142135623730951,-860.5836056129511
1.0,1.0,0.01,0.0,1.4142135623730951,-1720.6849893669873,0.0,1.4142135623730951,-860.5836056129511
1.0,1.0,0.01,0.0,1.4142135623730951,-1720.6849893669873,0.0,1.4142135623730951,-860.5836056129511
1.0,1.0,0.01,0.0,1.4142135623730951,-1720.6849893669873,0.0,1.4142135623730951,-860.5836056129511
1.0,1.0,0.01,0.0,1.4142135623730951,-1720.6849893669873,0.0,1.4142135623730951,-860.5836056129511
1.0,1.0,0.01,0.0,1.4142135623730951,-1720.6849893669873,0.0,1.4142135623730951,-860.5836056129511
1.0,1.0,0.01,0.0,1.4142135623730951,-1720.6849893669873,0.0,1.4142135623730951,-860.5836056129511
1.0,1.0,0.01,0.0,1.4142135623730951,-1720.6849893669873,0.0,1.4142135623730951,-860.5836056129511
1.0,1.0,0.01,0.0,1.4142135623730951,-1720.6849893669873,0.0,1.4142135623730951,-860.5836056129511
1.0,1.0,0.1,0.0,1.4142135623730951,-1720.6849893669873,0.0,1.4142135623730951,-860.5836056129511
1.0,1.0,0.1,0.0,1.4142135623730951,-1720.6849893669873,0.0,1.4142135623730951,-860.5836056129511
1.0,1.0,0.1,0.0,1.4142135623730951,-1720.6849893669873,0.0,1.4142135623730951,-860.5836056129511
1.0,1.0,0.1,0.0,1.4142135623730951,-1720.6849893669873,0.0,1.4142135623730951,-860.5836056129511
1.0,1.0,0.1,0.0,1.4142135623730951,-1720.6849893669873,0.0,1.4142135623730951,-860.5836056129511
1.0,1.0,0.1,0.0,1.4142135623730951,-1720.6849893669873,0.0,1.4142135623730951,-860.5836056129511
1.0,1.0,0.1,0.0,1.4142135623730951,-1720.6849893669873,0.0,1.4142135623730951,-860.5836056129511
1.0,1.0,0.1,0.0,1.4142135623730951,-1720.6849893669873,0.0,1.4142135623730951,-860.5836056129511
1.0,1.0,0.1,0.0,1.4142135623730951,-1720.6849893669873,0.0,1.4142135623730951,-860.5836056129511
1.0,1.0,0.1,0.0,1.4142135623730951,-1720.6849893669873,0.0,1.4142135623730951,-860.5836056129511
1.0,1.0,1.0,0.0,1.4142135623730951,-1720.6849893669873,0.0,1.4142135623730951,-860.5836056129511
1.0,1.0,1.0,0.0,1.4142135623730951,-1720.6849893669873,0.0,1.4142135623730951,-860.5836056129511
1.0,1.0,1.0,0.0,1.4142135623730951,-1720.6849893669873,0.0,1.4142135623730951,-860.5836056129511
1.0,1.0,1.0,0.0,1.4142135623730951,-1720.6849893669873,0.0,1.4142135623730951,-860.5836056129511
1.0,1.0,1.0,0.0,1.4142135623730951,-1720.6849893669873,0.0,1.4142135623730951,-860.5836056129511
1.0,1.0,1.0,0.0,1.4142135623730951,-1720.6849893669873,0.0,1.4142135623730951,-860.5836056129511
1.0,1.0,1.0,0.0,1.4142135623730951,-1720.6849893669873,0.0,1.4142135623730951,-860.5836056129511
1.0,1.0,1.0,0.0,1.4142135623730951,-1720.6849893669873,0.0,1.4142135623730951,-860.5836056129511
1.0,1.0,1.0,0.0,1.4142135623730951,-1720.6849893669873,0.0,1.4142135623730951,-860.5836056129511
1.0,1.0,1.0,0.0,1.4142135623730951,-1720.6849893669873,0.0,1.4142135623730951,-860.5836056129511
1.0,1.0,10.0,0.0,1.4142135623730951,-1720.6849893669873,0.0,1.4142135623730951,-860.5836056129511
1.0,1.0,10.0,0.0,1.4142135623730951,-1720.6849893669873,0.0,1.4142135623730951,-860.5836056129511
1.0,1.0,10.0,0.0,1.4142135623730951,-1720.6849893669873,0.0,1.4142135623730951,-860.5836056129511
1.0,1.0,10.0,0.0,1.4142135623730951,-1720.6849893669873,0.0,1.4142135623730951,-860.5836056129511
1.0,1.0,10.0,0.0,1.4142135623730951,-1720.6849893669873,0.0,1.4142135623730951,-860.5836056129511
1.0,1.0,10.0,0.0,1.4142135623730951,-1720.6849893669873,0.0,1.4142135623730951,-860.5836056129511
1.0,1.0,10.0,0.0,1.4142135623730951,-1720.6849893669873,0.0,1.4142135623730951,-860.5836056129511
1.0,1.0,10.0,0.0,1.4142135623730951,-1720.6849893669873,0.0,1.4142135623730951,-860.5836056129511
1.0,1.0,10.0,0.0,1.4142135623730951,-1720.6849893669873,0.0,1.4142135623730951,-860.5836056129511
1.0,1.0,10.0,0.0,1.4142135623730951,-1720.6849893669873,0.0,1.4142135623730951,-860.5836056129511
1.0,2.0,0.001,0.6614378277661477,0.0,-0.0,0.35328674464382137,0.09132041445862157,0.13755582735843477
1.0,2.0,0.001,0.6614378277661477,0.0,-0.0,0.35328674464382137,0.09132041445862157,0.13755582735843477
1.0,2.0,0.001,0.6614378277661477,0.0,-0.0,0.35328674464382137,0.09132041445862157,0.13755582735843477
1.0,2.0,0.001,0.6614378277661477,0.0,-0.0,0.35328674464382137,0.09132041445862157,0.13755582735843477
1.0,2.0,0.001,0.6614378277661477,0.0,-0.0,0.35328674464382137,0.09132041445862157,0.13755582735843477
1.0,2.0,0.001,0.6614378277661477,0.0,-0.0,0.35328674464382137,0.09132041445862157,0.13755582735843477
1.0,2.0,0.001,0.6614378277661477,0.0,-0.0,0.35328674464382137,0.09132041445862157,0.13755582735843477
1.0,2.0,0.001,0.6614378277661477,0.0,-0.0,0.35328674464382137,0.09132041445862157,0.13755582735843477
1.0,2.0,0.001,0.6614378277661477,0.0,-0.0,0.35328674464382137,0.09132041445862157,0.13755582735843477
1.0,2.0,0.001,0.6614378277661477,0.0,-0.0,0.35328674464382137,0.09132041445862157,0.13755582735843477
1.0,2.0,0.01,0.6614378277661477,0.0,-0.0,0.35328674464382137,0.09132041445862157,0.13755582735843477
1.0,2.0,0.01,0.6614378277661477,0.0,-0.0,0.35328674464382137,0.09132041445862157,0.13755582735843477
1.0,2.0,0.01,0.6614378277661477,0.0,-0.0,0.35328674464382137,0.09132041445862157,0.13755582735843477
1.0,2.0,0.01,0.6614378277661477,0.0,-0.0,0.35328674464382137,0.09132041445862157,0.13755582735843477
1.0,2.0,0.01,0.6614378277661477,0.0,-0.0,0.35328674464382137,0.09132041445862157,0.13755582735843477
1.0,2.0,0.01,0.6614378277661477,0.0,-0.0,0.35328674464382137,0.09132041445862157,0.13755582735843477
1.0,2.0,0.01,0.6614378277661477,0.0,-0.0,0.35328674464382137,0.09132041445862157,0.13755582735843477
1.0,2.0,0.01,0.6614378277661477,0.0,-0.0,0.35328674464382137,0.09132041445862157,0.13755582735843477
1.0,2.0,0.01,0.6614378277661477,0.0,-0.0,0.35328674464382137,0.09132041445862157,0.13755582735843477
1.0,2.0,0.01,0.6614378277661477,0.0,-0.0,0.35328674464382137,0.09132041445862157,0.13755582735843477
1.0,2.0,0.1,0.6614378277661477,0.0,-0.0,0.35328674464382137,0.09132041445862157,0.13755582735843477
1.0,2.0,0.1,0.6614378277661477,0.0,-0.0,0.35328674464382137,0.09132041445862157,0.13755582735843477
1.0,2.0,0.1,0.6614378277661477,0.0,-0.0,0.35328674464382137,0.09132041445862157,0.13755582735843477
1.0,2.0,0.1,0.6614378277661477,0.0,-0.0,0.35328674464382137,0.09132041445862157,0.13755582735843477
1.0,2.0,0.1,0.6614378277661477,0.0,-0.0,0.35328674464382137,0.09132041445862157,0.13755582735843477
1.0,2.0,0.1,0.6614378277661477,0.0,-0.0,0.35328674464382137,0.09132041445862157,0.13755582735843477
1.0,2.0,0.1,0.6614378277661477,0.0,-0.0,0.35328674464382137,0.09132041445862157,0.13755582735843477
1.0,2.0,0.1,0.6614378277661477,0.0,-0.0,0.35328674464382137,0.09132041445862157,0.13755582735843477
1.0,2.0,0.1,0.6614378277661477,0.0,-0.0,0.35328674464382137,0.09132041445862157,0.13755582735843477
1.0,2.0,0.1,0.6614378277661477,0.0,-0.0,0.35328674464382137,0.09132041445862157,0.13755582735843477
1.0,2.0,1.0,0.6614378277661477,0.0,-0.0,0.35328674464382137,0.09132041445862157,0.13755582735843477
1.0,2.0,1.0,0.6614378277661477,0.0,-0.0,0.35328674464382137,0.09132041445862157,0.13755582735843477
1.0,2.0,1.0,0.6614378277661477,0.0,-0.0,0.35328674464382137,0.09132041445862157,0.13755582735843477
1.0,2.0,1.0,0.6614378277661477,0.0,-0.0,0.35328674464382137,0.09132041445862157,0.13755582735843477
1.0,2.0,1.0,0.6614378277661477,0.0,-0.0,0.35328674464382137,0.09132041445862157,0.13755582735843477
1.0,2.0,1.0,0.6614378277661477,0.0,-0.0,0.35328674464382137,0.09132041445862157,0.13755582735843477
1.0,2.0,1.0,0.6614378277661477,0.0,-0.0,0.35328674464382137,0.09132041445862157,0.13755582735843477
1.0,2.0,1.0,0.6614378277661477,0.0,-0.0,0.35328674464382137,0.09132041445862157,0.13755582735843477
1.0,2.0,1.0,0.6614378277661477,0.0,-0.0,0.35328674464382137,0.09132041445862157,0.13755582735843477
1.0,2.0,1.0,0.6614378277661477,0.0,-0.0,0.35328674464382137,0.09132041445862157,0.13755582735843477
1.0,2.0,10.0,0.6614378277661477,0.0,-0.0,0.35328674464382137,0.09132041445862157,0.13755582735843477
1.0,2.0,10.0,0.6614378277661477,0.0,-0.0,0.35328674464382137,0.09132041445862157,0.13755582735843477
1.0,2.0,10.0,0.6614378277661477,0.0,-0.0,0.35328674464382137,0.09132041445862157,0.13755582735843477
1.0,2.0,10.0,0.6614378277661477,0.0,-0.0,0.35328674464382137,0.09132041445862157,0.13755582735843477
1.0,2.0,10.0,0.6614378277661477,0.0,-0.0,0.35328674464382137,0.09132041445862157,0.13755582735843477
1.0,2.0,10.0,0.6614378277661477,0.0,-0.0,0.35328674464382137,0.09132041445862157,0.13755582735843477
1.0,2.0,10.0,0.6614378277661477,0.0,-0.0,0.35328674464382137,0.09132041445862157,0.13755582735843477
1.0,2.0,10.0,0.6614378277661477,0.0,-0.0,0.35328674464382137,0.09132041445862157,0.13755582735843477
1.0,2.0,10.0,0.6614378277661477,0.0,-0.0,0.35328674464382137,0.09132041445862157,0.13755582735843477
1.0,2.0,10.0,0.6614378277661477,0.0,-0.0,0.35328674464382137,0.09132041445862157,0.13755582735843477
2.0,0.0,0.001,0.42428968826604646,0.24654879300843197,0.24162501531673106,0.3360796408550135,0.17497833876839566,0.01676837241171221
2.0,0.0,0.001,0.42428968826604646,0.24654879300843197,0.24162501531673106,0.3360796408550135,0.17497833876839566,0.01676837241171221
2.0,0.0,0.001,0.42428968826604646,0.24654879300843197,0.24162501531673106,0.3360796408550135,0.17497833876839566,0.01676837241171221
2.0,0.0,0.001,0.42428968826604646,0.24654879300843197,0.24162501531673106,0.3360796408550135,0.17497833876839566,0.01676837241171221
2.0,0.0,0.001,0.42428968826604646,0.24654879300843197,0.24162501531673106,0.3360796408550135,0.17497833876839566,0.01676837241171221
2.0,0.0,0.001,0.42428968826604646,0.24654879300843197,0.24162501531673106,0.3360796408550135,0.17497833876839566,0.01676837241171221
2.0,0.0,0.001,0.42428968826604646,0.24654879300843197,0.24162501531673106,0.3360796408550135,0.17497833876839566,0.01676837241171221
2.0,0.0,0.001,0.42428968826604646,0.24654879300843197,0.24162501531673106,0.3360796408550135,0.17497833876839566,0.01676837241171221
2.0,0.0,0.001,0.42428968826604646,0.24654879300843197,0.24162501531673106,0.3360796408550135,0.17497833876839566,0.01676837241171221
2.0,0.0,0.001,0.42428968826604646,0.24654879300843197,0.24162501531673106,0.3360796408550135,0.17497833876839566,0.01676837241171221
2.0,0.0,0.01,0.4242802950054106,0.24654233297380132,0.2415804252173984,0.3360604802479527,0.17496273134703355,0.016759928387103912
2.0,0.0,0.01,0.42420987532224685,0.2465061235749305,0.24127549205535545,0.33598245940589533,0.17490650256043852,0.016539025455313317
2.0,0.0,0.01,0.4242846879835077,0.24654415731313603,0.2415984358939009,0.3360630143700202,0.17496408233970323,0.016779369052964867
2.0,0.0,0.01,0.4243125834389245,0.2465615028290724,0.2417265506579994,0.3361099911460111,0.17500124190009322,0.016828487394922504
2.0,0.0,0.01,0.42422316292307866,0.24651422810063983,0.24133599767876643,0.3360040268403713,0.17492346313033613,0.01656410030817564
2.0,0.0,0.01,0.42429058748972626,0.24654308903671981,0.24161438604367158,0.3360477405144448,0.17494860404622223,0.016850738489062
2.0,0.0,0.01,0.4243832118515212,0.24660305207099506,0.24204592716796164,0.336216576028145,0.17508382652081628,0.016983833807797777
2.0,0.0,0.01,0.42428875914629627,0.24655109149721113,0.24162764397487427,0.33609368552605845,0.17499154364642172,0.016729237236525096
2.0,0.0,0.01,0.42430476576230397,0.24655881345352007,0.24169582976257026,0.3361086081875575,0.17500172449801546,0.016786374645571877
2.0,0.0,0.01,0.424288523972729,0.24654702419729208,0.24161718490819634,0.33607204815795805,0.1749715752769358,0.016779895996796645
2.0,0.0,0.1,0.3523121997017959,0.15276294244348665,0.0652260884633728,0.27773056816468905,0.16471511725259746,-0.06735128897072443
2.0,0.0,0.1,0.38827403991889325,0.18266922896893145,0.06377221554182808,0.382381939330341,0.16209136471326263,-0.05122646379814126
2.0,0.0,0.1,0.3697288012051743,0.20646681633305444,0.08701681212010716,0.2913122464942256,0.12260999316142453,-0.05233336122406301
2.0,0.0,0.1,0.35961365965356723,0.17192345257929742,0.07958388485079672,0.2990393177281261,0.18178201351947787,-0.08740673232747627
2.0,0.0,0.1,0.4325280756636767,0.21861471840730687,0.24124113027002422,0.38937559300056174,0.16953581286232683,0.05098386321891053
2.0,0.0,0.1,0.3648123302920231,0.10121173767842645,0.062309687827790804,0.302147750733293,0.1546501347541275,0.15970657027934707
2.0,0.0,0.1,0.3784242361970393,0.22766327382472842,0.10142586925299778,0.30347425830564173,0.16429072952578322,-0.10063320126312199
2.0,0.0,0.1,0.4372838180643834,0.23641086177445383,0.2498920497996858,0.3363440205496423,0.1785534186909862,0.03654369641148811
2.0,0.0,0.1,0.3897167942127703,0.19568029064557277,0.14792917735935865,0.30417906965862757,0.1381033850802345,0.06073586979648209
2.0,0.0,0.1,0.39860929611127455,0.2103594101090953,0.1605571777226334,0.2952260849014755,0.14196357332356613,0.05545417091765813
2.0,0.0,1.0,0.3731105022474165,0.22760662893606642,-0.1796999981683581,0.34169380702253177,0.09454742829527725,0.0177328044250903
2.0,0.0,1.0,0.29723042814686834,0.19668358984465406,0.17092161730329458,0.31763727781743806,0.12156658036700344,-0.02101228256317964
2.0,0.0,1.0,0.3473340349503,0.12897625882035973,0.15355199768662814,0.34449905612272136,0.13872763890826087,0.07004964297162213
2.0,0.0,1.0,0.3107826432500165,0.09832335620234146,0.15324816292056814,0.36343453821992916,0.15074439966267614,0.019600464048552018
2.0,0.0,1.0,0.33712109283960745,0.10616477543321633,0.0997720420402232,0.32230643839062567,0.17065878433083456,0.11925056668023636
2.0,0.0,1.0,0.32875180287901606,0.15098033720575038,0.16526736541069975,0.33648288810605914,0.17415412316016024,0.08979886444269417
2.0,0.0,1.0,0.305137266205325,0.2775920867862506,0.49207139438347564,0.32798972870812987,0.29715055970109877,0.06905861103188211
2.0,0.0,1.0,0.34841530409370364,0.11787943842875852,0.07951803999664721,0.36799988228800545,0.13888787807215688,0.04022380069506026
2.0,0.0,1.0,0.33552916112698705,0.11981799692008491,0.10294657192064584,0.3302607727454511,0.0903796195438825,0.02795913743004835
2.0,0.0,1.0,0.32720346851318965,0.1994793560045996,0.32364896905723656,0.29595521940124797,0.13228455083587665,-0.17418267977281243
2.0,0.0,10.0,0.31099035703954164,0.1254483832590592,0.05896929867326623,0.33487603685977463,0.14438396474638165,0.026232451354444217
2.0,0.0,10.0,0.3682858704372374,0.24099416262127024,-0.00744914539995411,0.3452183578989836,0.14786204221095334,-0.10325945316242456
2.0,0.0,10.0,0.41490825576511986,0.13105020293846198,-0.06387648800693106,0.3197104617212279,0.15444353531635158,0.05238582962440018
2.0,0.0,10.0,0.2948596763748517,0.1842655184005828,0.3499836591112597,0.3309692151458177,0.12070911498186573,-0.025643261783857587
2.0,0.0,10.0,0.27325879017451116,0.1573424804053458,-0.1041907491875869,0.28880675444483256,0.1033376323364515,0.01530402167955638
2.0,0.0,10.0,0.31213557813697795,0.13434823900375223,-0.3076875189203512,0.3195552381255496,0.1219924580197613,0.028766658235008097
2.0,0.0,10.0,0.26390640320536424,0.30215556004273664,-0.2885637526747479,0.30619445511866883,0.11406025619210117,-0.05542764573321487
2.0,0.0,10.0,0.31186184903861763,0.2868588419928683,-0.27529219928291965,0.30327168925699705,0.14092768504939168,0.16983334025211383
2.0,0.0,10.0,0.35643691640612063,0.18542549087926954,0.17106166674631315,0.3165880097176368,0.15071192078267764,-0.08736149540141253
2.0,0.0,10.0,0.30491702594152315,0.16864933115630776,-0.0885464364397922,0.3289324855284819,0.16384376852695795,-0.28472024827949144
2.0,1.0,0.001,0.0,1.4142135623730951,-1720.6849893669873,0.0,1.4142135623730951,-860.9537073823572
2.0,1.0,0.001,0.0,1.4142135623730951,-1720.6849893669873,0.0,1.4142135623730951,-860.9537073823572
2.0,1.0,0.001,0.0,1.4142135623730951,-1720.6849893669873,0.0,1.4142135623730951,-860.9537073823572
2.0,1.0,0.001,0.0,1.4142135623730951,-1720.6849893669873,0.0,1.4142135623730951,-860.9537073823572
2.0,1.0,0.001,0.0,1.4142135623730951,-1720.6849893669873,0.0,1.4142135623730951,-860.9537073823572
2.0,1.0,0.001,0.0,1.4142135623730951,-1720.6849893669873,0.0,1.4142135623730951,-860.9537073823572
2.0,1.0,0.001,0.0,1.4142135623730951,-1720.6849893669873,0.0,1.4142135623730951,-860.9537073823572
2.0,1.0,0.001,0.0,1.4142135623730951,-1720.6849893669873,0.0,1.4142135623730951,-860.9537073823572
2.0,1.0,0.001,0.0,1.4142135623730951,-1720.6849893669873,0.0,1.4142135623730951,-860.9537073823572
2.0,1.0,0.001,0.0,1.4142135623730951,-1720.6849893669873,0.0,1.4142135623730951,-860.9537073823572
2.0,1.0,0.01,0.0,1.4142135623730951,-1720.6849893669873,0.0,1.4142135623730951,-860.9537073823572
2.0,1.0,0.01,0.0,1.4142135623730951,-1720.6849893669873,0.0,1.4142135623730951,-860.9537073823572
2.0,1.0,0.01,0.0,1.4142135623730951,-1720.6849893669873,0.0,1.4142135623730951,-860.9537073823572
2.0,1.0,0.01,0.0,1.4142135623730951,-1720.6849893669873,0.0,1.4142135623730951,-860.9537073823572
2.0,1.0,0.01,0.0,1.4142135623730951,-1720.6849893669873,0.0,1.4142135623730951,-860.9537073823572
2.0,1.0,0.01,0.0,1.4142135623730951,-1720.6849893669873,0.0,1.4142135623730951,-860.9537073823572
2.0,1.0,0.01,0.0,1.4142135623730951,-1720.6849893669873,0.0,1.4142135623730951,-860.9537073823572
2.0,1.0,0.01,0.0,1.4142135623730951,-1720.6849893669873,0.0,1.4142135623730951,-860.9537073823572
2.0,1.0,0.01,0.0,1.4142135623730951,-1720.6849893669873,0.0,1.4142135623730951,-860.9537073823572
2.0,1.0,0.01,0.0,1.4142135623730951,-1720.6849893669873,0.0,1.4142135623730951,-860.9537073823572
2.0,1.0,0.1,0.0,1.4142135623730951,-1720.6849893669873,0.0,1.4142135623730951,-860.9537073823572
2.0,1.0,0.1,0.0,1.4142135623730951,-1720.6849893669873,0.0,1.4142135623730951,-860.9537073823572
2.0,1.0,0.1,0.0,1.4142135623730951,-1720.6849893669873,0.0,1.4142135623730951,-860.9537073823572
2.0,1.0,0.1,0.0,1.4142135623730951,-1720.6849893669873,0.0,1.4142135623730951,-860.9537073823572
2.0,1.0,0.1,0.0,1.4142135623730951,-1720.6849893669873,0.0,1.4142135623730951,-860.9537073823572
2.0,1.0,0.1,0.0,1.4142135623730951,-1720.6849893669873,0.0,1.4142135623730951,-860.9537073823572
2.0,1.0,0.1,0.0,1.4142135623730951,-1720.6849893669873,0.0,1.4142135623730951,-860.9537073823572
2.0,1.0,0.1,0.0,1.4142135623730951,-1720.6849893669873,0.0,1.4142135623730951,-860.9537073823572
2.0,1.0,0.1,0.0,1.4142135623730951,-1720.6849893669873,0.0,1.4142135623730951,-860.9537073823572
2.0,1.0,0.1,0.0,1.4142135623730951,-1720.6849893669873,0.0,1.4142135623730951,-860.9537073823572
2.0,1.0,1.0,0.0,1.4142135623730951,-1720.6849893669873,0.0,1.4142135623730951,-860.9537073823572
2.0,1.0,1.0,0.0,1.4142135623730951,-1720.6849893669873,0.0,1.4142135623730951,-860.9537073823572
2.0,1.0,1.0,0.0,1.4142135623730951,-1720.6849893669873,0.0,1.4142135623730951,-860.9537073823572
2.0,1.0,1.0,0.0,1.4142135623730951,-1720.6849893669873,0.0,1.4142135623730951,-860.9537073823572
2.0,1.0,1.0,0.0,1.4142135623730951,-1720.6849893669873,0.0,1.4142135623730951,-860.9537073823572
2.0,1.0,1.0,0.0,1.4142135623730951,-1720.6849893669873,0.0,1.4142135623730951,-860.9537073823572
2.0,1.0,1.0,0.0,1.4142135623730951,-1720.6849893669873,0.0,1.4142135623730951,-860.9537073823572
2.0,1.0,1.0,0.0,1.4142135623730951,-1720.6849893669873,0.0,1.4142135623730951,-860.9537073823572
2.0,1.0,1.0,0.0,1.4142135623730951,-1720.6849893669873,0.0,1.4142135623730951,-860.9537073823572
2.0,1.0,1.0,0.0,1.4142135623730951,-1720.6849893669873,0.0,1.4142135623730951,-860.9537073823572
2.0,1.0,10.0,0.0,1.4142135623730951,-1720.6849893669873,0.0,1.4142135623730951,-860.9537073823572
2.0,1.0,10.0,0.0,1.4142135623730951,-1720.6849893669873,0.0,1.4142135623730951,-860.9537073823572
2.0,1.0,10.0,0.0,1.4142135623730951,-1720.6849893669873,0.0,1.4142135623730951,-860.9537073823572
2.0,1.0,10.0,0.0,1.4142135623730951,-1720.6849893669873,0.0,1.4142135623730951,-860.9537073823572
2.0,1.0,10.0,0.0,1.4142135623730951,-1720.6849893669873,0.0,1.4142135623730951,-860.9537073823572
2.0,1.0,10.0,0.0,1.4142135623730951,-1720.6849893669873,0.0,1.4142135623730951,-860.9537073823572
2.0,1.0,10.0,0.0,1.4142135623730951,-1720.6849893669873,0.0,1.4142135623730951,-860.9537073823572
2.0,1.0,10.0,0.0,1.4142135623730951,-1720.6849893669873,0.0,1.4142135623730951,-860.9537073823572
2.0,1.0,10.0,0.0,1.4142135623730951,-1720.6849893669873,0.0,1.4142135623730951,-860.9537073823572
2.0,1.0,10.0,0.0,1.4142135623730951,-1720.6849893669873,0.0,1.4142135623730951,-860.9537073823572
2.0,2.0,0.001,0.6614378277661477,0.0,-0.0,0.4024758441763068,0.14912037361837727,0.14758957627625718
2.0,2.0,0.001,0.6614378277661477,0.0,-0.0,0.4024758441763068,0.14912037361837727,0.14758957627625718
2.0,2.0,0.001,0.6614378277661477,0.0,-0.0,0.4024758441763068,0.14912037361837727,0.14758957627625718
2.0,2.0,0.001,0.6614378277661477,0.0,-0.0,0.4024758441763068,0.14912037361837727,0.14758957627625718
2.0,2.0,0.001,0.6614378277661477,0.0,-0.0,0.4024758441763068,0.14912037361837727,0.14758957627625718
2.0,2.0,0.001,0.6614378277661477,0.0,-0.0,0.4024758441763068,0.14912037361837727,0.14758957627625718
2.0,2.0,0.001,0.6614378277661477,0.0,-0.0,0.4024758441763068,0.14912037361837727,0.14758957627625718
2.0,2.0,0.001,0.6614378277661477,0.0,-0.0,0.4024758441763068,0.14912037361837727,0.14758957627625718
2.0,2.0,0.001,0.6614378277661477,0.0,-0.0,0.4024758441763068,0.14912037361837727,0.14758957627625718
2.0,2.0,0.001,0.6614378277661477,0.0,-0.0,0.4024758441763068,0.14912037361837727,0.14758957627625718
2.0,2.0,0.01,0.6614378277661477,0.0,-0.0,0.4024758441763068,0.14912037361837727,0.14758957627625718
2.0,2.0,0.01,0.6614378277661477,0.0,-0.0,0.4024758441763068,0.14912037361837727,0.14758957627625718
2.0,2.0,0.01,0.6614378277661477,0.0,-0.0,0.4024758441763068,0.14912037361837727,0.14758957627625718
2.0,2.0,0.01,0.6614378277661477,0.0,-0.0,0.4024758441763068,0.14912037361837727,0.14758957627625718
2.0,2.0,0.01,0.6614378277661477,0.0,-0.0,0.4024758441763068,0.14912037361837727,0.14758957627625718
2.0,2.0,0.01,0.6614378277661477,0.0,-0.0,0.4024758441763068,0.14912037361837727,0.14758957627625718
2.0,2.0,0.01,0.6614378277661477,0.0,-0.0,0.4024758441763068,0.14912037361837727,0.14758957627625718
2.0,2.0,0.01,0.6614378277661477,0.0,-0.0,0.4024758441763068,0.14912037361837727,0.14758957627625718
2.0,2.0,0.01,0.6614378277661477,0.0,-0.0,0.4024758441763068,0.14912037361837727,0.14758957627625718
2.0,2.0,0.01,0.6614378277661477,0.0,-0.0,0.4024758441763068,0.14912037361837727,0.14758957627625718
2.0,2.0,0.1,0.6614378277661477,0.0,-0.0,0.4024758441763068,0.14912037361837727,0.14758957627625718
2.0,2.0,0.1,0.6614378277661477,0.0,-0.0,0.4024758441763068,0.14912037361837727,0.14758957627625718
2.0,2.0,0.1,0.6614378277661477,0.0,-0.0,0.4024758441763068,0.14912037361837727,0.14758957627625718
2.0,2.0,0.1,0.6614378277661477,0.0,-0.0,0.4024758441763068,0.14912037361837727,0.14758957627625718
2.0,2.0,0.1,0.6614378277661477,0.0,-0.0,0.4024758441763068,0.14912037361837727,0.14758957627625718
2.0,2.0,0.1,0.6614378277661477,0.0,-0.0,0.4024758441763068,0.14912037361837727,0.14758957627625718
2.0,2.0,0.1,0.6614378277661477,0.0,-0.0,0.4024758441763068,0.14912037361837727,0.14758957627625718
2.0,2.0,0.1,0.6614378277661477,0.0,-0.0,0.4024758441763068,0.14912037361837727,0.14758957627625718
2.0,2.0,0.1,0.6614378277661477,0.0,-0.0,0.4024758441763068,0.14912037361837727,0.14758957627625718
2.0,2.0,0.1,0.6614378277661477,0.0,-0.0,0.4024758441763068,0.14912037361837727,0.14758957627625718
2.0,2.0,1.0,0.6614378277661477,0.0,-0.0,0.4024758441763068,0.14912037361837727,0.14758957627625718
2.0,2.0,1.0,0.6614378277661477,0.0,-0.0,0.4024758441763068,0.14912037361837727,0.14758957627625718
2.0,2.0,1.0,0.6614378277661477,0.0,-0.0,0.4024758441763068,0.14912037361837727,0.14758957627625718
2.0,2.0,1.0,0.6614378277661477,0.0,-0.0,0.4024758441763068,0.14912037361837727,0.14758957627625718
2.0,2.0,1.0,0.6614378277661477,0.0,-0.0,0.4024758441763068,0.14912037361837727,0.14758957627625718
2.0,2.0,1.0,0.6614378277661477,0.0,-0.0,0.4024758441763068,0.14912037361837727,0.14758957627625718
2.0,2.0,1.0,0.6614378277661477,0.0,-0.0,0.4024758441763068,0.14912037361837727,0.14758957627625718
2.0,2.0,1.0,0.6614378277661477,0.0,-0.0,0.4024758441763068,0.14912037361837727,0.14758957627625718
2.0,2.0,1.0,0.6614378277661477,0.0,-0.0,0.4024758441763068,0.14912037361837727,0.14758957627625718
2.0,2.0,1.0,0.6614378277661477,0.0,-0.0,0.4024758441763068,0.14912037361837727,0.14758957627625718
2.0,2.0,10.0,0.6614378277661477,0.0,-0.0,0.4024758441763068,0.14912037361837727,0.14758957627625718
2.0,2.0,10.0,0.6614378277661477,0.0,-0.0,0.4024758441763068,0.14912037361837727,0.14758957627625718
2.0,2.0,10.0,0.6614378277661477,0.0,-0.0,0.4024758441763068,0.14912037361837727,0.14758957627625718
2.0,2.0,10.0,0.6614378277661477,0.0,-0.0,0.4024758441763068,0.14912037361837727,0.14758957627625718
2.0,2.0,10.0,0.6614378277661477,0.0,-0.0,0.4024758441763068,0.14912037361837727,0.14758957627625718
2.0,2.0,10.0,0.6614378277661477,0.0,-0.0,0.4024758441763068,0.14912037361837727,0.14758957627625718
2.0,2.0,10.0,0.6614378277661477,0.0,-0.0,0.4024758441763068,0.14912037361837727,0.14758957627625718
2.0,2.0,10.0,0.6614378277661477,0.0,-0.0,0.4024758441763068,0.14912037361837727,0.14758957627625718
2.0,2.0,10.0,0.6614378277661477,0.0,-0.0,0.4024758441763068,0.14912037361837727,0.14758957627625718
2.0,2.0,10.0,0.6614378277661477,0.0,-0.0,0.4024758441763068,0.14912037361837727,0.14758957627625718
